<?xml version="1.0" encoding="UTF-8"?>
<project-private xmlns="http://www.netbeans.org/ns/project-private/1">
    <editor-bookmarks xmlns="http://www.netbeans.org/ns/editor-bookmarks/2" lastBookmarkId="0"/>
    <open-files xmlns="http://www.netbeans.org/ns/projectui-open-files/2">
        <group>
            <file>file:/E:/Workspace/POO/GaragemSteve/src/Principal.java</file>
            <file>file:/E:/Workspace/POO/GaragemSteve/src/br/univali/cc/prog3/avaliacao/dominio/VeiculoTerrestre.java</file>
            <file>file:/E:/Workspace/POO/GaragemSteve/src/br/univali/cc/prog3/avaliacao/dominio/Caminhao.java</file>
            <file>file:/E:/Workspace/POO/GaragemSteve/src/br/univali/cc/prog3/avaliacao/dominio/Helicoptero.java</file>
            <file>file:/E:/Workspace/POO/GaragemSteve/src/br/univali/cc/prog3/avaliacao/dominio/Iate.java</file>
            <file>file:/E:/Workspace/POO/GaragemSteve/src/br/univali/cc/prog3/avaliacao/dominio/Veiculo.java</file>
            <file>file:/E:/Workspace/POO/GaragemSteve/src/br/univali/cc/prog3/avaliacao/dominio/Carro.java</file>
            <file>file:/E:/Workspace/POO/GaragemSteve/src/br/univali/cc/prog3/avaliacao/dominio/Galpao.java</file>
        </group>
    </open-files>
</project-private>
