<?xml version="1.0" encoding="UTF-8"?>
<project-private xmlns="http://www.netbeans.org/ns/project-private/1">
    <editor-bookmarks xmlns="http://www.netbeans.org/ns/editor-bookmarks/2" lastBookmarkId="0"/>
    <open-files xmlns="http://www.netbeans.org/ns/projectui-open-files/2">
        <group>
            <file>file:/C:/Users/mathe/Downloads/TrabalhoM2_LFA/src/gals/Sintatico.java</file>
            <file>file:/C:/Users/mathe/Downloads/TrabalhoM2_LFA/src/gals/AnalysisError.java</file>
            <file>file:/C:/Users/mathe/Downloads/TrabalhoM2_LFA/src/gals/ScannerConstants.java</file>
            <file>file:/C:/Users/mathe/Downloads/TrabalhoM2_LFA/src/gals/Constants.java</file>
            <file>file:/C:/Users/mathe/Downloads/TrabalhoM2_LFA/src/gals/Lexico.java</file>
            <file>file:/C:/Users/mathe/Downloads/TrabalhoM2_LFA/src/gals/ParserConstants.java</file>
            <file>file:/C:/Users/mathe/Downloads/TrabalhoM2_LFA/src/Principal/Main.java</file>
            <file>file:/C:/Users/mathe/Downloads/TrabalhoM2_LFA/src/gals/Token.java</file>
            <file>file:/C:/Users/mathe/Downloads/TrabalhoM2_LFA/src/gals/LexicalError.java</file>
            <file>file:/C:/Users/mathe/Downloads/TrabalhoM2_LFA/src/gals/Semantico.java</file>
            <file>file:/C:/Users/mathe/Downloads/TrabalhoM2_LFA/src/gals/SemanticError.java</file>
            <file>file:/C:/Users/mathe/Downloads/TrabalhoM2_LFA/src/gals/SyntaticError.java</file>
        </group>
    </open-files>
</project-private>
